Item#,Price,Weekend,Event_Length,Branded,Color_Popularity,ConcurrentEvents,Number_Competing_Styles_in_Event,Relative_Price_of_Competing_Styles,Num_Branded_Events12,Brand_MSRP_Index
1,129.9,1,2,0,0.31,1,52,1.65,0,1.2
2,59.9,0,3,1,0.08,4,56,1.53,5,0.87
3,39.9,1,3,1,0.31,2,47,0.8,1,0.92
4,59.9,0,2,1,0.08,3,12,1.24,6,1.18
5,79.9,0,2,1,0.31,2,13,0.98,5,1.04
6,29.9,1,3,1,0.2,2,47,0.6,1,0.92
7,229.9,0,2,0,0.2,2,19,1.49,0,1.78
8,75.9,0,2,1,0.04,2,7,1.02,1,1.58
9,59.9,0,3,1,0.11,3,1,1,2,0.61
10,59.9,1,2,1,0.11,1,14,0.82,3,0.75
11,69.9,1,3,0,0.31,3,13,0.78,0,0.76
12,59.9,0,2,1,0.01,2,10,0.8,6,0.84
13,79.9,1,2,0,0.2,1,13,1.04,0,0.91
14,69.9,1,2,0,0.31,2,20,0.9,0,0.96
15,99.9,0,1,1,0.08,3,17,1.27,0,0.93
16,49.9,1,2,1,0.31,2,43,0.79,2,0.61
17,129.9,0,2,1,0.2,3,38,0.8,2,1.94
18,149.9,0,2,0,0.07,3,27,0.83,0,1.98
19,35.9,0,2,1,0.31,4,13,0.96,3,0.46
20,25.9,0,2,1,0.31,3,36,0.85,5,0.64
21,59.9,0,2,1,0.03,3,14,1,1,0.62
22,99.9,1,2,0,0.11,1,27,1.61,0,0.98
23,79.9,1,2,1,0.04,2,12,1.01,2,2.18
24,59.9,0,2,1,0.31,2,30,0.72,4,1.04
25,79.9,0,2,1,0.04,4,19,0.99,1,1.14
26,249.9,0,3,1,0.02,2,15,1.03,0,2.54
27,99.9,0,3,1,0.03,2,15,1.01,3,1.45
28,59.9,1,2,0,0.07,1,11,1.12,0,0.61
29,199.9,0,3,1,0,1,1,1,1,1.44
30,69.9,1,2,0,0,2,6,0.54,0,0.57
31,35.9,0,2,1,0.31,2,5,1,0,0.29
32,129.9,0,3,0,0.11,5,18,1.18,0,1.68
33,249.9,0,2,1,0.31,2,13,1.15,1,2.54
34,79.9,0,2,0,0.2,2,18,0.76,0,0.9
35,129.9,1,2,1,0.2,2,16,0.95,0,1.54
36,59.9,0,2,1,0.02,4,4,0.51,1,2.86
37,129.9,0,2,1,0.02,2,43,1.23,7,1.03
38,99.9,1,2,1,0.2,2,9,1.34,6,1.3
39,15.9,0,3,0,0.02,5,26,0.43,0,0.78
40,49.9,0,2,0,0.11,3,6,1.49,0,0.6
41,129.9,0,2,1,0.11,4,20,1.2,0,1.03
42,99.9,0,4,1,0.31,3,2,1.05,1,1.27
43,15.9,0,2,0,0.03,1,3,0.67,0,0.64
44,179.9,0,2,0,0.31,2,18,1.71,0,1.76
45,39.9,0,2,1,0.31,3,26,0.71,5,0.54
46,59.9,1,2,1,0.31,3,29,0.94,3,0.61
47,149.9,0,2,1,0.01,2,3,0.83,0,2.34
48,29.9,0,2,1,0.2,1,23,1.03,6,0.64
49,129.9,0,2,1,0.01,2,40,1.18,4,1.2
50,99.9,0,1,1,0.07,3,29,0.95,0,1.31
51,79.9,0,2,1,0.07,2,30,1.57,3,1.21
52,79.9,0,2,1,0.02,5,14,0.94,1,0.98
53,79.9,1,2,1,0.2,2,25,0.69,8,1.66
54,149.9,0,2,1,0.11,1,10,0.92,1,1.84
55,49.9,1,2,0,0.31,2,50,0.72,0,0.82
56,29.9,0,3,1,0.08,4,56,0.76,5,0.87
57,99.9,0,2,1,0.2,3,39,1.34,4,0.76
58,29.9,0,2,1,0.2,1,9,0.66,4,0.89
59,99.9,0,2,0,0.31,1,23,1.15,0,1.49
60,99.9,1,2,1,0.2,2,16,0.73,1,1.91
61,99.9,0,2,1,0.31,3,1,1,1,1.43
62,49.9,1,2,1,0.2,2,2,1.11,2,0.47
63,139.9,0,4,1,0.2,3,9,1.08,1,1.02
64,25.9,0,3,0,0.11,4,27,1.04,0,0.69
65,399.9,0,2,1,0.31,2,5,1.68,0,2.31
66,139.9,0,2,1,0.31,2,5,1.09,0,1.44
67,99.9,0,3,0,0.31,5,10,1.38,0,1.98
68,29.9,1,2,1,0.01,2,25,0.73,6,0.64
69,35.9,0,2,1,0.31,2,17,1,0,0.95
70,49.9,1,2,1,0.03,2,2,1,1,0.41
71,79.9,0,2,1,0.31,2,40,0.73,4,1.2
72,59.9,1,2,1,0.2,2,16,0.44,1,1.91
73,39.9,0,2,1,0.31,2,41,0.8,8,0.51
74,59.9,1,2,0,0.11,1,52,0.76,0,0.66
75,59.9,0,2,1,0.2,3,4,1,6,0.81
76,59.9,0,2,1,0.11,4,25,1.4,2,0.88
77,79.9,0,2,1,0.2,2,10,0.95,1,1.41
78,159.9,0,2,1,0.2,3,7,0.94,3,1.56
79,49.9,0,2,1,0.2,2,10,0.64,2,0.82
80,99.9,1,2,1,0.31,2,13,1.04,0,0.91
81,59.9,0,2,1,0.31,2,18,0.78,5,1.04
82,379.9,0,3,1,0.11,4,24,2.72,5,1.36
83,199.9,0,3,1,0.02,1,13,1.04,1,1.82
84,79.9,0,2,1,0.11,3,22,1.11,2,0.76
85,19.9,0,2,1,0.08,3,54,0.68,5,0.64
86,159.9,0,2,1,0.06,3,27,1.05,3,1.84
87,45.9,1,2,1,0.08,1,25,1.02,1,0.87
88,49.9,0,2,1,0.31,2,29,0.69,4,0.76
89,25.9,0,2,1,0.31,1,59,0.91,6,0.64
90,149.9,0,3,0,0.31,1,20,1.44,0,1.2
91,149.9,0,2,1,0.08,3,16,1.13,0,1.38
92,69.9,0,2,1,0.2,1,4,1.4,1,0.58
93,129.9,0,2,1,0.2,3,7,1.07,3,2.98
94,39.9,1,2,1,0.08,2,8,1.08,3,0.41
95,129.9,1,2,0,0.11,2,3,1.26,0,0.76
96,99.9,0,2,0,0.31,2,20,0.87,0,1.36
97,45.9,0,3,0,0.08,1,1,1,0,0.64
98,99.9,0,2,1,0.2,1,4,1.18,1,1.58
99,79.9,0,2,0,0.2,2,14,1.06,0,1.11
100,69.9,0,2,1,0.31,1,13,1.18,4,1.74
101,49.9,1,2,1,0.2,1,35,0.68,1,0.87
102,39.9,0,2,1,0.31,1,44,0.95,2,0.87
103,99.9,0,2,1,0.08,1,22,0.86,0,1.2
104,119.9,0,2,0,0.01,3,14,1.3,0,0.66
105,49.9,1,2,1,0,2,16,0.91,6,0.54
106,99.9,0,2,1,0.2,2,3,1.15,4,1.54
107,29.9,1,2,1,0.2,2,3,1.13,3,0.59
108,59.9,0,2,1,0.2,2,5,1.11,6,0.39
109,49.9,0,2,1,0.2,2,8,1.19,0,0.63
110,129.9,0,2,1,0.31,2,10,1,0,1.45
111,35.9,0,2,1,0.11,2,6,0.89,2,0.78
112,25.9,1,2,1,0.08,1,1,1,1,0.41
113,19.9,0,2,1,0.07,1,3,0.43,1,0.67
114,79.9,0,2,0,0.31,1,55,0.94,0,0.9
115,45.9,1,3,0,0.07,3,9,0.96,0,0.6
116,99.9,0,2,1,0.11,1,10,1,3,1.55
117,99.9,0,3,1,0.02,2,31,1.19,5,0.76
118,119.9,1,2,1,0.08,1,35,1.64,1,0.87
119,29.9,0,2,1,0.11,3,4,0.8,6,0.43
120,149.9,0,2,1,0.08,3,16,1.13,0,1.38
121,49.9,0,2,1,0.31,2,4,0.87,8,0.53
122,59.9,1,3,0,0.31,3,11,0.97,0,1
123,119.9,0,3,1,0.2,4,30,0.99,5,1.21
124,159.9,0,3,1,0.03,2,63,0.92,4,1.83
125,29.9,0,1,1,0.2,1,10,0.83,6,0.7
126,59.9,0,2,0,0.2,2,22,1.05,0,0.62
127,159.9,0,2,1,0.08,2,21,1.21,1,1.36
128,25.9,0,2,1,0.08,3,22,0.82,2,0.88
129,59.9,0,2,1,0.31,3,6,1.13,6,0.78
130,35.9,0,2,1,0.31,1,15,0.97,0,1.31
131,69.9,0,2,1,0.31,3,8,0.98,0,0.98
132,79.9,0,2,1,0.31,1,20,0.91,2,1.03
133,19.9,0,2,1,0.03,1,44,0.47,2,0.87
134,59.9,0,1,0,0.31,3,4,1.14,0,0.71
135,109.9,0,3,1,0.06,2,27,1.12,3,1.37
136,99.9,1,2,0,0.31,3,13,1.13,0,0.9
137,79.9,0,2,1,0.07,2,7,0.9,4,1.67
138,39.9,0,3,1,0.03,4,56,1.02,5,0.87
139,29.9,0,2,1,0.06,3,18,0.52,6,1.18
140,229.9,0,3,1,0.2,1,12,0.78,1,1.61
141,69.9,1,2,0,0.11,2,21,0.89,0,1.25
142,79.9,0,2,1,0.03,4,44,0.74,5,1.03
143,119.9,0,2,0,0.11,4,8,1.3,0,1.2
144,29.9,0,2,1,0.2,4,25,0.7,2,0.88
145,159.9,0,2,1,0.31,2,5,1.18,3,1.75
146,49.9,1,2,1,0.08,2,9,0.67,6,1.3
147,119.9,0,2,1,0.31,3,11,1.36,6,0.89
148,69.9,0,2,1,0.2,3,5,0.74,3,0.76
149,49.9,0,3,0,0.06,2,17,0.92,0,1.03
150,69.9,0,3,0,0.06,3,16,0.74,0,0.79
151,99.9,0,2,0,0.31,3,51,0.9,0,1.2
152,99.9,0,2,1,0.03,2,54,1.12,8,1.03
153,199.9,0,3,1,0.03,1,17,0.86,1,1.44
154,399.9,0,3,1,0.2,1,21,2.3,4,1.36
155,59.9,1,2,0,0.01,2,9,0.93,0,0.6
156,65.9,0,2,1,0.04,3,10,0.7,3,1.54
157,249.9,0,3,1,0.02,2,7,1.11,0,1.67
158,35.9,0,2,0,0.06,4,1,1,0,0.58
159,99.9,0,2,1,0.02,2,1,1,6,0.86
160,39.9,1,3,1,0.03,2,19,1.24,1,0.88
161,25.9,0,2,1,0.2,1,53,0.6,1,0.92
162,45.9,0,3,0,0.2,5,7,1.12,0,1.05
163,129.9,0,2,1,0.02,1,2,1,3,2.98
164,69.9,0,2,1,0.11,2,54,0.79,8,1.03
165,99.9,0,2,1,0.11,2,12,0.94,3,1.55
166,39.9,0,2,0,0.31,1,30,0.87,0,0.95
167,69.9,0,2,1,0.08,2,72,0.65,6,1.03
168,129.9,0,2,1,0.11,2,31,0.9,1,1.59
169,159.9,0,2,1,0.11,3,32,1.32,3,1.85
170,179.9,0,2,0,0.31,2,7,1.12,0,1.74
171,19.9,1,2,1,0.08,2,14,0.69,1,0.92
172,149.9,0,2,1,0.11,1,10,0.92,1,1.84
173,29.9,0,2,1,0.2,3,22,0.95,2,0.88
174,159.9,0,2,1,0.2,2,20,0.97,4,1.73
175,139.9,0,2,1,0.11,3,6,0.87,3,2.04
176,59.9,0,2,1,0.31,1,6,1.03,0,0.82
177,95.9,0,2,0,0.03,2,47,0.84,0,0.9
178,79.9,0,2,1,0.07,2,3,0.92,4,1.54
179,59.9,0,2,1,0.31,2,38,0.93,4,0.76
180,149.9,0,2,1,0.11,2,24,0.97,3,1.83
181,179.9,0,3,1,0.31,1,20,1.29,4,1.45
182,69.9,0,3,0,0.07,4,3,1,0,0.83
183,79.9,1,2,0,0.31,1,6,1,0,1.05
184,129.9,1,2,0,0.2,1,14,1.3,0,1.51
185,99.9,0,2,1,0.31,3,39,1.34,4,0.76
186,39.9,0,2,1,0.06,3,12,0.83,6,1.18
187,39.9,0,3,1,0.31,4,47,0.86,8,0.51
188,39.9,0,2,1,0.02,2,22,1.19,4,0.89
189,59.9,0,2,1,0.31,3,2,1,4,0.71
190,179.9,0,3,1,0.2,4,17,0.82,5,1.26
191,59.9,0,2,1,0.11,2,41,1.21,8,0.51
192,59.9,0,2,1,0.11,4,5,0.77,5,1.12
193,59.9,0,2,0,0.31,1,2,1.25,0,0.98
194,79.9,0,2,1,0.08,2,15,1.13,2,0.77
195,129.9,0,2,0,0.07,1,2,1,0,1.91
196,49.9,1,2,0,0.31,2,50,0.72,0,0.51
197,279.9,1,2,1,0.31,2,21,1.24,2,1.84
198,149.9,1,2,0,0.2,2,8,0.97,0,1.55
199,99.9,0,2,0,0.04,3,51,0.9,0,1.36
200,99.9,0,2,1,0.31,1,21,0.86,0,1.21
201,65.9,0,2,1,0.31,2,7,1.15,1,0.51
202,49.9,0,3,1,0.2,3,1,1,2,0.58
203,189.9,0,2,1,0.11,3,32,1.57,3,1.85
204,19.9,0,3,0,0.31,5,26,0.54,0,0.78
205,119.9,0,3,1,0.31,2,48,1.27,10,1.03
206,99.9,0,2,0,0.31,2,37,0.98,0,0.9
207,19.9,1,2,0,0.31,1,15,0.88,0,0.66
208,69.9,0,2,1,0.31,2,30,0.84,4,1.04
209,229.9,0,2,1,0.2,1,17,1,2,4.18
210,79.9,0,2,1,0.31,2,10,0.95,1,1.41
211,69.9,1,2,0,0.31,2,50,1.01,0,0.61
212,179.9,0,3,1,0,1,3,1.23,1,2.84
213,25.9,0,2,1,0.02,1,23,0.89,6,0.64
214,39.9,0,1,1,0.2,1,3,1,6,0.47
215,39.9,0,2,1,0.2,3,1,1,2,0.59
216,159.9,0,2,1,0.03,3,27,1.05,3,1.84
217,69.9,0,2,1,0.03,1,15,1.11,1,0.98
218,59.9,0,1,1,0.07,3,17,0.76,0,0.93
219,79.9,0,2,1,0.07,4,36,0.82,1,1.68
220,99.9,0,2,1,0.03,2,15,1.03,3,1.37
221,39.9,0,3,1,0.2,4,10,1.06,5,1.14
222,59.9,0,3,1,0.11,1,10,0.98,5,0.98
223,25.9,0,2,1,0.31,1,59,0.91,6,0.64
224,129.9,0,2,0,0.31,1,17,1.35,0,1.21
225,69.9,0,2,1,0.04,2,1,1,8,0.49
226,69.9,0,1,0,0.31,3,5,1.13,0,0.82
227,49.9,0,3,1,0.08,2,48,0.53,10,1.03
228,99.9,0,2,1,0.2,2,43,0.95,7,1.03
229,129.9,0,2,0,0.2,1,16,1.38,0,0.76
230,99.9,0,2,1,0.08,2,6,0.95,10,1.24
231,139.9,0,2,1,0.07,3,6,0.87,3,2.04
232,229.9,0,3,1,0.31,1,13,1.2,1,1.82
233,79.9,0,2,1,0.01,2,1,1,1,0.98
234,129.9,1,2,1,0.2,2,13,0.82,0,1.51
235,159.9,0,2,1,0.07,2,12,1.12,1,1.3
236,99.9,0,2,1,0.31,4,16,0.87,2,1.21
237,139.9,0,2,1,0.08,3,38,0.86,2,1.94
238,69.9,0,2,1,0.04,1,27,0.91,0,1.19
239,45.9,0,3,1,0.11,4,47,0.99,8,0.51
240,69.9,0,2,1,0.06,2,23,1.12,3,0.61
241,89.9,0,3,0,0.31,1,20,0.87,0,1.21
242,39.9,0,2,1,0.06,2,4,0.48,0,0.66
243,49.9,0,2,1,0.2,3,10,1.17,0,1.09
244,19.9,0,2,1,0.31,1,53,0.76,6,0.64
245,179.9,0,3,0,0.31,3,3,1.38,0,1.04
246,79.9,0,2,1,0.11,2,40,0.73,4,1.2
247,299.9,0,2,1,0.2,3,2,1,1,2.67
248,149.9,0,2,1,0.2,2,2,1.07,3,1.41
249,35.9,1,2,1,0.08,1,2,0.75,1,0.58
250,199.9,0,2,1,0.11,2,58,1.01,0,1.7
251,199.9,0,2,1,0.2,1,16,1.28,1,1.84
252,69.9,0,2,1,0.31,2,47,0.7,5,1.2
253,99.9,0,2,1,0.2,1,20,1.14,2,1.03
254,39.9,0,2,1,0.2,1,28,1.06,1,0.82
255,25.9,0,2,1,0.31,2,12,0.91,4,0.89
256,159.9,0,3,1,0.31,3,21,1.03,4,1.68
257,69.9,0,2,1,0.03,2,3,0.91,6,0.91
258,149.9,0,2,1,0.31,2,24,0.97,3,1.83
259,129.9,0,2,0,0.06,4,8,1.58,0,1.15
260,119.9,0,2,1,0.2,2,3,0.92,2,1.14
261,59.9,0,2,1,0.2,2,29,0.83,4,0.76
262,149.9,0,2,1,0.31,3,12,1.45,0,1.02
263,89.9,0,2,1,0.11,3,26,1.08,2,1.14
264,129.9,1,2,1,0.2,2,31,0.82,3,1.94
265,179.9,0,2,1,0.06,2,31,1.25,1,1.59
266,59.9,0,2,1,0.31,3,26,1.06,5,0.54
267,99.9,0,2,1,0,2,27,0.87,10,1.03
268,39.9,0,3,1,0.31,4,56,1.02,5,0.87
269,119.9,0,3,1,0.04,2,31,1.43,5,0.76
270,79.9,0,2,1,0.07,4,36,0.82,1,1.68
271,59.9,0,3,1,0.02,2,9,1.08,4,0.81
272,189.9,0,2,1,0.07,3,3,1,0,2.84
273,199.9,0,3,1,0.02,2,15,0.82,0,2.54
274,79.9,0,2,1,0.2,2,29,1.11,4,0.76
275,29.9,0,2,1,0.08,3,12,0.62,6,1.18
276,59.9,0,2,1,0.31,3,2,1,6,1.15
277,129.9,0,3,1,0.08,1,15,0.89,1,1.31
278,59.9,1,2,1,0.08,2,7,0.72,6,1.32
279,199.9,0,3,1,0.08,1,20,1.43,4,1.45
280,39.9,0,2,1,0.11,5,6,1.02,7,0.43
281,59.9,0,2,1,0.11,3,36,1.97,5,0.64
282,49.9,0,2,1,0.08,2,25,0.88,0,0.66
283,99.9,0,2,1,0.31,1,29,1.19,4,0.76
284,59.9,0,2,1,0.31,3,41,1.23,6,0.51
285,29.9,0,2,1,0.02,2,19,0.85,4,0.7
286,99.9,0,2,1,0.31,2,19,1.58,6,1.44
287,49.9,1,3,0,0.03,3,8,0.77,0,0.5
288,29.9,0,2,1,0.08,1,15,0.81,0,1.31
289,119.9,0,3,1,0.11,1,23,1.06,11,1.03
290,229.9,0,2,1,0.02,2,3,1.28,0,2.34
291,99.9,0,2,1,0.2,4,44,0.92,5,1.03
292,39.9,0,2,1,0.11,3,29,0.83,2,0.67
293,49.9,0,2,1,0.2,2,1,1,4,0.53
294,129.9,0,2,1,0.06,1,12,0.78,2,1.68
295,69.9,0,2,1,0.31,1,20,0.8,2,1.03
296,199.9,1,2,1,0.2,2,21,0.89,2,1.84
297,59.9,0,2,1,0.2,4,5,0.77,5,1.12
298,79.9,0,2,1,0.31,1,29,0.95,4,0.76
299,35.9,1,2,1,0.03,2,20,1.01,4,0.82
300,49.9,0,2,1,0.08,5,14,0.59,1,0.98
301,159.9,0,3,1,0.04,2,63,0.92,4,1.83
302,79.9,1,2,1,0.2,2,7,0.97,6,1.32
303,59.9,0,2,0,0.11,1,30,1.31,0,1.02
304,35.9,0,2,1,0.03,4,13,0.96,3,0.46
305,49.9,1,2,1,0.2,1,2,1,3,0.53
306,39.9,0,2,1,0.31,1,59,1.41,6,0.64
307,229.9,1,2,1,0.07,2,6,1.09,6,2.36
308,59.9,0,3,0,0.2,3,3,0.46,0,0.53
309,69.9,1,2,0,0.02,1,27,1.13,0,0.98
310,19.9,1,2,1,0.03,2,14,0.69,1,0.92
311,39.9,0,3,1,0.03,4,47,0.86,8,0.51
312,149.9,1,2,0,0.31,1,35,1.05,0,1.57
313,69.9,0,2,1,0.31,2,1,1,0,1
314,129.9,0,2,1,0.31,4,36,1.33,1,1.68
315,99.9,0,2,1,0.2,4,44,0.92,5,1.03
316,29.9,1,2,0,0.2,2,4,0.67,0,0.55
317,99.9,0,2,1,0.31,2,47,1,5,1.2
318,39.9,0,4,1,0.31,3,10,0.8,1,1.09
319,109.9,0,2,1,0.2,2,13,1.1,3,1.2
320,129.9,0,2,1,0.31,4,7,1.06,1,2.58
321,99.9,0,2,1,0.07,2,2,1,0,1
322,35.9,0,3,0,0.31,5,11,1.25,0,0.88
323,27.9,0,3,1,0.2,4,6,1.07,0,0.33
324,89.9,0,2,1,0.31,3,33,0.93,5,1.2
325,69.9,0,2,1,0.07,2,2,1,4,0.86
326,69.9,1,3,0,0.31,3,11,1.13,0,1.49
327,179.9,0,2,1,0.2,1,2,1,2,5.47
328,59.9,0,2,1,0.31,1,29,0.81,3,0.76
329,49.9,0,2,1,0.06,1,28,1.32,1,0.82
330,159.9,1,2,1,0.03,2,13,1,0,1.51
331,79.9,1,2,1,0.04,3,3,0.83,2,1.12
332,69.9,0,2,1,0.11,4,5,0.9,5,1.12
333,99.9,0,4,1,0.07,3,14,0.93,1,1.26
334,39.9,0,2,1,0.01,1,28,1.06,1,0.82
335,45.9,0,3,1,0.07,3,18,0.92,3,0.52
336,299.9,0,3,1,0.08,1,13,1.57,1,1.82
337,129.9,1,2,0,0.2,2,6,1,0,1.09
338,109.9,0,2,0,0.03,1,4,0.53,0,0.89
339,79.9,0,2,1,0.31,3,26,1.42,5,0.54
340,79.9,1,3,0,0.07,3,3,1.09,0,0.73
341,149.9,0,2,1,0.02,3,12,1.34,1,1.68
342,39.9,0,2,1,0.03,3,41,0.82,6,0.51
343,69.9,0,2,1,0.2,1,13,1,1,0.98
344,59.9,0,2,1,0.02,5,34,0.49,1,1.68
345,45.9,0,2,1,0.2,1,8,1.07,0,0.71
346,59.9,0,2,1,0.31,1,25,1.1,0,2.07
347,199.9,0,2,1,0.07,3,6,1.24,3,2.04
348,25.9,0,2,1,0.03,2,35,0.76,5,0.82
349,79.9,0,2,1,0.31,2,38,1.24,4,0.76
350,69.9,0,3,0,0.31,1,8,0.95,0,1.04
351,29.9,0,2,1,0.11,1,23,1.03,6,0.64
352,29.9,0,3,1,0.31,4,56,0.76,5,0.87
353,79.9,0,2,1,0.04,2,16,0.89,3,0.85
354,119.9,0,2,1,0.04,2,11,0.89,1,1.72
355,59.9,1,3,1,0.31,2,47,1.2,1,0.92
356,69.9,0,2,1,0.02,2,23,1.12,3,0.61
357,59.9,0,2,1,0.2,4,25,1.4,2,0.88
358,49.9,0,2,1,0.31,2,18,0.65,5,1.04
359,69.9,0,2,1,0.07,2,2,0.7,0,1.69
360,99.9,0,3,1,0.31,3,11,0.96,4,1.48
361,69.9,0,2,1,0.02,1,25,1.28,0,2.07
362,159.9,0,2,1,0.06,1,12,0.96,2,1.68
363,39.9,0,2,1,0.31,2,9,0.68,2,1.21
364,99.9,0,3,1,0.06,4,12,1.05,5,1.24
365,49.9,0,2,1,0.31,5,27,0.91,7,0.51
366,59.9,0,2,1,0.06,4,3,0.9,5,1.44
367,39.9,0,2,0,0.31,3,5,0.71,0,0.76
368,49.9,1,2,1,0.31,3,22,0.92,1,0.61
369,79.9,0,2,1,0.31,3,6,1,5,1.05
370,99.9,1,2,1,0.2,2,20,1.14,2,1.14
371,79.9,0,3,0,0.01,1,4,0.65,0,0.64
372,59.9,1,3,1,0.31,2,47,1.2,1,0.92
373,129.9,0,2,0,0.31,3,51,1.17,0,1.39
374,149.9,1,2,0,0.07,2,3,1.73,0,1.83
375,69.9,0,2,1,0.31,2,7,1.11,3,0.77
376,19.9,0,2,1,0.03,3,32,0.16,3,1.85
377,49.9,0,2,1,0.04,2,7,1,6,0.78
378,49.9,1,2,1,0.31,1,4,1.11,3,0.48
379,35.9,1,2,1,0.31,2,14,1.13,4,0.87
380,99.9,0,3,1,0.01,2,15,1.01,3,1.45
381,25.9,0,2,1,0.31,3,36,0.85,5,0.64
382,29.9,0,2,1,0.31,1,59,1.05,6,0.64
383,79.9,0,3,1,0.31,4,5,1.11,5,0.66
384,59.9,0,2,1,0.2,1,1,1,0,0.78
385,59.9,0,3,0,0.06,5,18,0.55,0,1.49
386,24.9,0,3,1,0.11,4,6,0.96,0,0.33
387,279.9,0,3,1,0.31,1,17,1.21,1,1.44
388,59.9,0,4,1,0.03,3,10,1.2,1,1.09
389,99.9,0,3,0,0.11,2,5,0.96,0,0.81
390,59.9,1,2,0,0.31,2,4,1.04,0,0.6
391,39.9,1,2,1,0.2,2,19,0.87,2,0.82
392,119.9,1,2,1,0.11,2,5,1.54,6,1.62
393,39.9,0,2,1,0.02,1,44,0.95,2,0.87
394,149.9,0,2,1,0.11,4,44,1.39,5,1.03
395,45.9,1,2,1,0.2,2,20,1.29,4,0.82
396,129.9,1,2,1,0.07,1,2,1,3,0.86
397,139.9,0,3,1,0.31,2,5,1.03,3,1.49
398,169.9,0,2,1,0.08,3,32,1.4,3,1.85
399,29.9,1,2,1,0.03,1,1,1,1,0.69
400,25.9,0,2,1,0.11,4,38,0.88,4,0.82
401,59.9,1,2,1,0.11,3,29,0.94,3,0.61
402,17.9,0,2,1,0.08,2,35,0.52,5,0.82
403,79.9,1,2,0,0.31,1,6,1,0,1.05
404,60,0,2,1,0.31,3,3,1.13,4,0.59
405,59.9,0,1,0,0.31,3,6,0.97,0,0.81
406,119.9,0,2,1,0.03,2,12,1.13,3,1.55
407,99.9,0,2,1,0.2,1,1,1,1,1.86
408,79.9,0,2,0,0.31,2,14,1.06,0,0.9
409,149.9,1,2,0,0.07,2,25,1.5,0,1.2
410,69.9,0,2,1,0.2,2,4,1.14,3,0.78
411,29.9,0,2,0,0.02,4,6,0.83,0,0.78
412,129.9,0,2,0,0.07,2,47,1.13,0,1.38
413,49.9,0,3,1,0.31,4,47,1.07,8,0.51
414,99.9,0,2,1,0.2,4,44,0.92,5,1.03
415,39.9,1,2,0,0.2,2,4,0.89,0,0.55
416,144.9,0,3,0,0.02,3,7,2.64,0,1.7
417,59.9,0,2,1,0.11,2,41,1.21,8,0.51
418,79.9,0,2,1,0.2,5,45,0.77,4,1.2
419,59.9,0,2,1,0.07,3,1,1,0,0.93
420,199.9,0,2,1,0.06,2,7,1.39,0,2.84
421,49.9,1,3,1,0.06,2,47,1,1,0.92
422,39.9,0,2,1,0.08,1,28,1.06,1,0.82
423,39,0,2,0,0.04,1,1,1,0,0.51
424,99.9,0,2,1,0.08,2,15,1.42,2,0.77
425,79.9,0,2,1,0.07,2,13,0.61,0,1.37
426,79.9,0,3,0,0.31,5,4,1.52,0,2.84
427,89.9,0,3,1,0.2,1,15,1.54,5,0.56
428,69.9,0,2,0,0.11,1,55,0.82,0,0.85
429,59.9,1,2,0,0.31,1,11,1.12,0,0.61
430,49.9,0,3,1,0.31,3,13,0.87,2,0.52
431,129.9,0,1,1,0.07,3,29,1.24,0,1.31
432,39.9,1,3,1,0.2,2,47,0.8,1,0.92
433,95.9,0,2,1,0.2,3,3,1,0,0.83
434,59.9,0,2,1,0.31,3,6,1.13,6,0.78
435,99.9,0,2,1,0.31,2,3,1,1,1.42
436,79.9,0,2,1,0.07,2,6,0.89,10,1.12
437,129.9,0,2,1,0.31,2,7,0.9,0,2.84
438,179.9,1,2,0,0.2,2,2,1.03,0,1.69
439,89.9,0,3,1,0.03,4,12,0.95,5,1.24
440,25.9,0,2,1,0.11,5,40,0.81,5,0.64
441,119.9,0,3,1,0.31,2,48,1.27,10,1.03
442,159.9,0,3,1,0.06,2,63,0.92,4,1.83
443,35.9,0,2,1,0.2,3,54,1.22,5,0.64
444,29.9,0,2,1,0.08,2,9,1.27,0,0.27
445,129.9,0,4,1,0.31,3,9,1,1,1.02
446,229.9,0,2,1,0.31,5,34,1.88,1,1.68
447,79.9,0,2,1,0.08,2,31,0.56,1,1.59
448,79.9,0,2,1,0.03,4,36,0.82,1,1.68
449,179.9,0,2,1,0.08,3,6,0.98,0,1.91
450,39.9,0,2,0,0.01,1,26,0.92,0,1.31
451,45.9,0,2,1,0.31,2,6,1.06,1,0.61
452,79.9,0,1,1,0.02,3,29,0.76,0,1.31
453,129.9,0,2,1,0.08,2,21,0.98,1,1.36
454,79.9,0,2,1,0.08,2,43,0.76,7,1.03
455,59.9,0,3,1,0.07,3,19,0.93,2,0.55
456,15.9,0,2,0,0.31,4,4,0.41,0,0.39
457,79.9,0,2,1,0.07,1,44,1.9,2,0.87
458,69.9,0,2,1,0.08,2,72,0.65,6,1.03
459,149.9,0,2,1,0.06,3,27,0.99,3,1.84
460,39.9,0,3,1,0.11,4,47,0.86,8,0.51
461,99.9,0,2,0,0.08,1,58,1.03,0,0.99
462,89.9,0,3,0,0.31,5,20,0.96,0,1.88
463,179.9,0,2,1,0.2,1,16,1.15,1,1.84
464,99.9,0,2,1,0.2,4,5,0.82,1,2.24
465,79.9,0,2,1,0.2,2,40,0.73,4,1.2
466,79.9,1,2,0,0.02,1,27,1.29,0,0.98
467,149.9,0,2,1,0.04,1,29,0.9,3,1.94
468,79.9,0,2,1,0.31,5,14,0.94,1,0.98
469,27.9,1,2,1,0.11,1,3,0.94,2,0.37
470,179.9,0,2,1,0.31,4,4,1.16,1,2.7
471,59.9,0,2,1,0.2,1,2,1.2,0,0.71
472,69.9,1,3,0,0.2,3,8,1.07,0,0.8
473,179.9,0,2,0,0.2,2,19,1.17,0,1.78
474,49.9,0,2,0,0.11,4,4,0.97,0,0.49
475,45.9,0,2,1,0.06,2,30,0.9,3,1.21
476,19.9,1,2,1,0.08,1,25,0.44,1,0.87
477,79.9,0,2,1,0.31,2,13,0.87,0,1.68
478,35.9,0,2,1,0.11,5,40,1.13,5,0.64
479,99.9,1,2,0,0.2,2,27,0.93,0,0.76
480,69.9,0,2,0,0.11,3,2,1,0,1.05
481,39.9,0,2,1,0.07,3,10,0.83,6,1.18
482,119.9,0,2,1,0.2,3,32,1.67,3,0.76
483,59.9,1,2,0,0.11,1,8,1.04,0,1.45
484,79.9,0,2,1,0.31,2,19,1.27,6,1.44
485,129.9,0,2,1,0.03,1,21,1.12,0,1.21
486,79.9,0,2,1,0.2,3,11,0.91,6,0.89
487,129.9,0,3,0,0.31,3,7,1.28,0,1.2
488,149.9,0,2,1,0.11,2,21,0.99,0,1.31
489,59.9,0,2,1,0.31,1,7,1.16,3,0.89
490,39.9,0,3,1,0.31,3,25,0.95,3,0.92
491,59.9,0,2,0,0.06,2,22,1.05,0,0.62
492,59.9,0,2,1,0.31,3,10,1.25,6,1.18
493,39.9,0,2,1,0.11,3,41,0.82,6,0.51
494,49.9,0,2,1,0.31,3,26,0.88,5,0.54
495,229.9,0,2,1,0.31,3,8,0.97,3,1.11
496,229.9,0,3,1,0.08,2,3,1.17,0,2.1
497,129.9,0,2,1,0.31,2,28,1.27,4,1.2
498,29.9,0,2,1,0.03,3,22,0.95,2,0.88
499,79.9,0,2,1,0.31,2,1,1,2,0.7
500,129.9,0,3,1,0.07,4,30,1.07,5,1.21
501,69.9,0,2,1,0.2,2,54,0.79,8,1.03
502,149.9,0,2,1,0.2,1,20,0.92,1,1.19
503,129.9,0,2,1,0.2,2,21,0.98,1,1.36
504,39.9,0,2,1,0.31,2,41,0.8,8,0.51
505,69.9,0,3,1,0.31,2,31,0.83,5,0.76
506,299.9,0,3,1,0.2,3,7,0.86,3,4.18
507,19.9,0,2,1,0.07,1,4,0.4,1,0.58
508,25.9,0,2,1,0.07,2,3,1,0,0.26
509,179.9,1,2,1,0.04,2,23,1.04,3,1.73
510,89.9,0,2,1,0.31,2,14,1.05,2,0.85
511,25.9,0,2,1,0.31,2,22,0.77,4,0.89
512,49.9,0,2,1,0.04,5,27,0.91,7,0.51
513,99.9,0,2,1,0.07,3,14,1.11,0,1
514,119.9,1,2,0,0.2,2,8,0.77,0,1.55
515,49.9,0,2,1,0.2,2,23,0.8,3,0.61
516,189.9,0,2,1,0.31,3,3,1,1,2.84
517,35.9,0,3,0,0.2,3,2,0.53,0,0.56
518,79.9,0,2,1,0.07,2,3,1.04,7,1.15
519,69.9,0,2,1,0.03,5,16,0.9,4,1.04
520,35.9,0,2,1,0.11,3,5,0.94,4,0.56
521,25.9,0,2,1,0.01,5,40,0.81,5,0.64
522,109.9,1,2,0,0.31,1,22,1.26,0,1.21
523,35.9,0,2,1,0.2,1,23,1.24,6,0.64
524,129.9,0,2,1,0.31,2,13,1.42,0,1.68
525,149.9,0,2,0,0.04,3,55,1.78,0,1.2
526,19.9,1,2,0,0.2,1,15,0.88,0,0.66
527,19.9,0,2,1,0.31,1,53,0.76,6,0.64
528,59.9,0,3,1,0.31,4,47,1.29,8,0.51
529,109.9,0,4,1,0.31,3,7,0.94,1,1.3
530,139.9,0,2,1,0.03,2,5,1.09,0,1.44
531,25.9,1,2,0,0.2,1,15,1.14,0,0.66
532,69.9,1,3,0,0.07,3,5,1.09,0,0.8
533,59.9,0,2,1,0.31,3,12,1.24,6,1.18
534,59.9,0,3,1,0.31,3,16,1.42,2,0.92
535,59.9,0,3,1,0.04,3,20,0.89,3,0.55
536,69.9,1,2,0,0.08,2,16,1.11,0,0.66
537,159.9,0,3,1,0.31,1,21,0.92,4,1.36
538,19.9,0,2,1,0.31,3,54,0.68,5,0.64
539,75.9,0,2,1,0.11,2,7,1.02,1,1.58
540,59.9,0,2,1,0.31,1,9,1.32,4,0.89
541,179.9,0,2,0,0.03,2,10,1.18,0,1.03
542,129.9,0,2,1,0.31,3,7,0.96,0,1.71
543,229.9,0,2,1,0.02,2,58,1.16,0,1.7
544,79.9,0,2,1,0.2,3,16,0.6,0,1.38
545,99.9,0,2,1,0.02,2,38,1.55,4,0.76
546,199.9,0,2,1,0.2,1,17,0.87,2,4.18
547,179.9,0,2,1,0.2,1,1,1,2,4.48
548,129.9,0,2,0,0.07,1,58,1.34,0,1.38
549,79.9,0,2,1,0.2,1,29,0.95,4,0.76
550,159.9,0,2,1,0.08,2,2,1.07,1,1.56
551,49.9,0,2,0,0.2,1,8,0.85,0,0.52
552,59.9,0,2,1,0.03,2,9,1.05,2,1.31
553,99.9,0,2,1,0.31,2,21,0.66,0,1.31
554,25.9,0,3,0,0.03,4,27,1.04,0,0.69
555,79.9,0,2,1,0.2,2,14,0.93,2,0.85
556,35.9,0,3,1,0.07,3,16,0.85,2,0.92
557,119.9,0,3,1,0.03,2,10,0.99,4,1.55
558,59.9,0,2,1,0.31,1,29,0.72,4,0.76
559,249.9,0,2,1,0.2,1,5,0.79,3,4.18
560,139.9,0,2,1,0.08,3,38,0.86,2,1.94
561,79.9,0,2,0,0.31,1,6,0.96,0,0.96
562,179.9,0,2,1,0.31,2,7,1.15,0,2.03
563,89.9,0,2,0,0.2,2,34,1.13,0,1.38
564,25.9,0,2,1,0.11,2,9,1.23,0,0.26
565,59.9,0,3,1,0.04,3,13,1.04,2,0.52
566,59.9,0,2,1,0.31,3,7,0.93,2,0.75
567,59.9,0,3,1,0.11,4,47,1.29,8,0.51
568,25.9,0,2,1,0.31,3,8,0.93,4,0.89
569,99.9,0,2,1,0.04,2,15,1.03,3,1.37
570,79.9,0,2,1,0.31,2,1,1,1,2.07
571,49.9,0,2,1,0.04,2,23,0.8,3,0.61
572,89.9,0,2,1,0.07,2,15,1.27,2,0.77
573,149.9,1,2,0,0.08,2,6,1.15,0,1.09
574,99.9,0,2,1,0.08,2,13,1,3,1.2
575,119.9,1,2,1,0.2,2,31,0.76,3,1.94
576,22.9,0,3,1,0.31,4,8,0.85,0,0.22
577,129.9,0,3,1,0.04,1,23,1.15,11,1.03
578,129.9,1,2,1,0.2,2,2,1.04,3,2.37
579,199.9,0,2,1,0.31,2,26,1.17,4,1.94
580,49.9,0,2,1,0.31,3,5,1.14,5,0.69
581,239.9,0,2,1,0,3,38,1.48,2,1.94
582,29.9,0,2,1,0.11,3,3,1,5,0.54
583,159.9,0,2,1,0.11,1,23,0.96,3,1.83
584,129.9,0,2,0,0.07,1,58,1.34,0,1.38
585,79.9,0,2,1,0.08,1,11,1.13,1,1.7
586,69.9,0,3,1,0.31,3,20,1.03,3,0.55
587,59.9,0,2,1,0.31,2,43,0.57,7,1.03
588,129.9,1,2,0,0.2,2,6,1,0,1.09
589,79.9,0,3,1,0.31,4,8,1.33,5,0.6
590,249.9,0,2,1,0.2,1,17,1.08,2,4.18
591,129.9,0,2,1,0.2,3,7,1.07,3,2.98
592,149.9,0,3,1,0.2,1,17,0.93,1,1.7
593,129.9,0,2,0,0.11,1,23,0.9,0,1.94
594,59.9,0,2,1,0.11,2,7,0.95,3,0.77
595,59.9,0,2,1,0.03,5,12,0.68,4,1.05
596,229.9,0,3,1,0.08,1,17,1.43,1,1.7
597,129.9,0,2,1,0.2,5,34,1.06,1,1.68
598,69.9,1,3,1,0.11,2,47,1.4,1,0.92
599,39.9,0,2,1,0.31,3,29,0.83,2,0.67
600,25.9,0,2,1,0.03,5,40,0.81,5,0.64
601,139.9,0,2,1,0.08,2,16,0.76,1,1.73
602,29.9,0,2,1,0.08,3,28,0.58,0,1.13
603,69.9,1,2,1,0.01,2,3,1.02,5,0.77
604,39.9,1,2,1,0.2,2,15,0.8,1,1.86
605,49.9,0,2,1,0.08,2,25,0.88,0,0.66
606,159.9,0,2,1,0.31,2,19,0.91,1,1.74
607,59.9,0,2,1,0.04,2,9,1.05,2,1.31
608,99.9,0,3,0,0.2,2,5,0.96,0,0.81
609,49.9,0,2,1,0.02,2,41,1,8,0.51
610,99.9,0,2,1,0.07,2,31,1.01,5,1.2
611,39.9,0,3,1,0.31,3,25,0.95,3,0.92
612,299.9,0,2,0,0.06,1,6,0.87,0,1.19
613,29.9,0,3,1,0.08,4,56,0.76,5,0.87
614,119.9,0,3,0,0.02,2,10,0.97,0,0.74
615,15.9,0,3,1,0.31,4,12,0.75,0,0.39
616,69.9,0,2,1,0.2,1,11,0.99,1,1.7
617,25.9,0,2,1,0.31,1,59,0.91,6,0.64
618,79.9,0,2,1,0.2,3,22,1.11,2,0.76
619,59.9,0,2,0,0.11,3,55,0.71,0,0.61
620,35.9,0,2,1,0.31,3,10,0.7,5,0.54
621,129.9,0,2,1,0.02,1,2,1,1,1.14
622,25.9,1,2,1,0.11,2,30,0.74,0,0.82
623,85.9,0,2,1,0.31,2,14,1,4,1.04
624,99.9,0,2,1,0.08,3,22,1.39,2,0.76
625,199.9,0,2,1,0.06,4,4,1,1,2.67
626,119.9,0,2,1,0.31,2,31,1.21,5,1.2
627,99.9,0,2,1,0.31,1,29,1.19,4,0.76
628,25.9,0,2,1,0.2,2,19,0.74,4,0.7
629,59.9,0,3,1,0.02,1,15,1.02,5,0.56
630,80,1,2,1,0.31,1,7,1.02,4,0.76
631,49.9,0,2,1,0.31,2,27,0.91,3,0.61
632,79.9,0,3,1,0.31,1,15,1.36,5,0.56
633,179.9,0,3,1,0.31,2,56,1.18,3,1.7
634,69.9,0,3,1,0.31,2,27,0.71,3,1.37
635,49.9,0,4,1,0.31,3,10,1,1,1.09
636,35.9,0,3,1,0.03,3,16,0.85,2,0.92
637,65.9,0,2,1,0.02,3,10,0.7,3,1.54
638,49.9,0,2,0,0.07,1,3,1.15,0,0.57
639,99.9,0,2,1,0.11,1,13,1.69,4,1.74
640,299.9,0,2,1,0.31,5,5,1.09,1,2.19
641,59.9,0,3,0,0.31,2,1,1,0,1.06
642,79.9,0,3,0,0.31,1,92,0.84,0,1.2
643,79.9,0,2,1,0.31,3,26,1.42,5,0.54
644,59.9,0,2,1,0.31,2,54,0.67,8,1.03
645,99.9,1,2,0,0.11,1,8,0.78,0,1.43
646,79.9,0,2,1,0.31,2,31,0.8,5,1.2
647,119.9,0,2,1,0.11,3,6,0.89,3,1.56
648,159.9,0,2,1,0.2,2,16,0.86,1,1.73
649,59.9,0,2,1,0.04,3,14,1,1,0.62
650,179.9,0,3,1,0.31,1,7,1.31,2,1.7
651,99.9,0,2,1,0.2,5,5,1.19,4,0.86
652,29.9,0,2,1,0.2,3,22,0.95,2,0.88
653,35.9,0,2,1,0.03,3,54,1.22,5,0.64
654,49.9,0,2,1,0.31,2,72,0.46,6,1.03
655,99.9,0,3,1,0.31,2,48,1.06,10,1.03
656,39.9,0,2,0,0.31,1,30,0.87,0,0.95
657,89.9,0,2,0,0.11,2,46,0.97,0,0.85
658,59.9,0,2,0,0.31,1,21,1.39,0,0.61
659,89.9,0,2,0,0.02,2,37,0.88,0,0.9
660,59.9,0,3,1,0.11,2,9,1.08,4,0.81
661,69.9,0,2,1,0.03,1,41,1.21,4,0.61
662,45.9,0,2,1,0.07,2,35,1.34,5,0.82
663,39.9,0,2,1,0.31,1,28,1.06,1,0.82
664,79.9,1,2,1,0.2,1,14,1.1,3,0.75
665,149.9,0,2,1,0.02,3,16,1.2,1,4.11
666,159.9,0,2,1,0.31,3,17,0.95,2,1.68
667,139.9,0,2,1,0.04,3,38,0.86,2,1.94
668,49.9,0,2,1,0.03,2,4,1.11,4,0.73
669,69.9,0,2,1,0.02,4,11,0.96,2,0.75
670,299.9,0,2,1,0.04,2,26,1.75,4,1.94
671,79.9,0,2,1,0.11,3,7,1.17,10,1.44
672,49.9,0,3,1,0.2,5,3,1,2,0.3
673,39.9,0,3,1,0.02,4,1,1,5,0.59
674,149.9,0,2,1,0.31,2,40,1.36,4,1.2
675,79.9,0,3,0,0.31,5,26,2.18,0,0.78
676,29.9,0,2,1,0.08,1,44,0.71,2,0.87
677,149.9,0,2,0,0.03,3,27,0.83,0,1.98
678,39.9,0,3,0,0.11,2,17,0.74,0,1.03
679,79.9,1,2,1,0.31,1,15,0.94,5,1.04
680,49.9,0,3,1,0.11,3,18,1,3,0.52
681,49.9,0,2,1,0.08,3,10,0.62,6,0.89
682,79.9,0,2,1,0.11,1,29,0.71,5,1.2
683,99.9,0,2,0,0.2,5,1,1,0,1.86
684,79.9,0,2,1,0.31,1,21,0.69,0,1.21
685,39.9,0,2,1,0.31,3,41,0.82,6,0.51
686,45.9,1,2,0,0.08,3,2,1.4,0,1.7
687,59.9,0,3,1,0.31,3,19,0.93,2,0.55
688,69.9,1,2,0,0.06,2,21,0.89,0,1.25
689,39.9,1,3,0,0.03,3,5,0.88,0,0.6
690,49.9,0,2,1,0.2,3,2,1.11,0,0.73
691,69.9,0,2,1,0.2,1,20,0.8,2,1.03
692,119.9,0,3,1,0.04,2,4,0.92,4,1.67
693,15.9,0,3,0,0.11,4,27,0.64,0,0.7
694,49.9,0,2,1,0.07,1,17,1.29,1,0.55
695,59.9,1,2,0,0.07,2,4,1.04,0,0.6
696,25.9,0,2,1,0.02,2,35,0.76,5,0.82
697,159.9,0,2,1,0.06,2,20,0.97,4,1.73
698,49.9,0,2,0,0.31,2,6,0.68,0,0.82
699,99.9,0,2,1,0.11,3,5,1.19,10,1.03
700,89.9,0,3,1,0.01,2,56,0.59,3,1.7
701,199.9,0,2,1,0.31,2,11,1.08,3,1.34
702,15.9,0,2,1,0.08,2,9,0.76,0,0.26
703,149.9,0,2,1,0.03,1,10,0.92,1,1.84
704,79.9,0,1,0,0.31,3,15,1.11,0,0.76
705,29.9,1,2,1,0.11,1,3,0.82,3,0.88
706,79.9,0,2,0,0.04,3,51,0.72,0,1.36
707,45.9,0,2,1,0.31,2,5,1,0,0.62
708,25.9,0,2,1,0.03,2,19,0.74,4,0.7
709,89.9,0,3,1,0.06,4,12,0.95,5,1.24
710,99.9,0,2,0,0.31,2,20,0.87,0,1.36
711,49.9,0,2,1,0.2,2,62,1.09,3,0.61
712,59.9,0,3,0,0.31,1,20,0.58,0,0.87
713,149.9,0,2,1,0,2,7,0.95,0,2.03
714,49.9,0,2,1,0.31,2,5,0.93,6,0.39
715,179.9,0,3,1,0.07,1,27,1.57,1,1.37
716,129.9,0,2,0,0.01,5,1,1,0,1.78
717,79.9,0,2,1,0.03,2,30,0.96,4,1.04
718,79.9,0,2,1,0.02,1,3,1,0,1.45
719,59.9,0,2,1,0.11,2,38,0.93,4,0.76
720,89.9,0,3,1,0.31,4,56,2.29,5,0.87
721,59.9,1,2,0,0.04,2,1,1,0,0.89
722,99.9,0,2,1,0.2,4,44,0.92,5,1.03
723,59.9,0,2,1,0.2,2,8,1,0,3.16
724,99.9,0,2,0,0.06,2,4,0.87,0,1.43
725,259.9,0,3,1,0.06,2,15,1.07,0,2.54
726,79.9,0,3,1,0.2,2,48,0.84,10,1.03
727,149.9,0,2,1,0.02,2,26,0.87,4,1.94
728,149.9,0,2,1,0.2,2,10,1.06,0,1.31
729,99.9,1,2,1,0.31,2,25,0.87,8,1.66
730,19.9,1,2,0,0.08,1,15,0.88,0,0.66
731,59.9,0,3,1,0.11,1,10,0.98,5,0.98
732,129.9,0,2,1,0.07,5,45,1.25,4,1.2
733,29.9,0,2,1,0.04,1,53,0.7,1,0.92
734,39.9,0,2,1,0.08,2,2,1.14,8,0.41
735,79.9,0,2,1,0.11,5,3,1.09,1,1.17
736,129.9,0,2,1,0.11,1,16,0.95,0,1.79
737,79.9,0,3,1,0.2,1,10,0.75,5,0.89
738,149.9,0,2,1,0.04,2,2,1,4,1.14
739,79.9,0,2,1,0.31,5,5,0.95,4,0.86
740,69.9,0,2,1,0.2,1,20,0.8,2,1.03
741,39.9,1,2,1,0.2,2,30,1.13,0,0.82
742,119.9,0,3,1,0.31,4,4,1.09,5,1.58
743,29.9,0,3,1,0.31,3,16,0.71,2,0.92
744,79.9,0,3,1,0.11,1,10,0.75,5,0.89
745,69.9,1,2,0,0.31,1,1,1,0,0.87
746,29.9,0,2,1,0.31,3,8,1.07,4,0.89
747,79.9,0,2,1,0.2,3,33,0.83,5,1.2
748,169.9,0,2,1,0.2,3,32,1.4,3,1.85
749,89.9,0,2,0,0.08,1,55,1.05,0,0.85
750,79.9,0,2,1,0.31,3,6,1,5,1.05
751,99.9,0,2,1,0.31,2,18,1,0,1.01
752,199.9,0,2,1,0.31,1,23,1.2,3,1.83
753,49.9,0,2,1,0.2,1,41,0.86,4,0.61
754,99.9,0,2,1,0.2,1,7,0.78,3,2.06
755,99.9,1,2,1,0.2,3,8,0.8,2,1.66
756,179.9,0,3,1,0.02,1,27,1.57,1,1.37
757,129.9,1,2,0,0.01,1,14,1.3,0,1.51
758,149.9,0,3,1,0.01,1,13,0.78,1,1.82
759,79.9,0,2,1,0.04,2,40,0.73,4,1.2
760,179.9,1,2,1,0.03,2,23,1.04,3,1.73
761,65.9,0,2,1,0.31,3,18,1.15,1,3.16
762,79.9,0,3,1,0.31,3,19,1.24,2,0.55
763,129.9,0,2,1,0.07,2,72,1.2,6,1.03
764,49.9,0,2,1,0.02,2,41,1,8,0.51
765,129.9,1,2,1,0.11,2,5,1.16,0,1.44
766,49.9,0,2,1,0.31,2,4,0.83,7,0.84
767,25.9,1,3,1,0.31,2,19,0.81,1,0.88
768,129.9,0,2,0,0.31,1,17,1.35,0,1.21
769,79.9,0,2,1,0.31,4,20,0.74,0,1.03
770,79.9,0,2,1,0.03,2,9,0.91,4,1.84
771,35.9,0,2,1,0.02,1,44,0.85,2,0.87
772,149.9,0,2,0,0.31,5,2,1,0,1.68
773,159.9,0,3,1,0.11,2,63,0.92,4,1.83
774,39.9,0,2,1,0.2,2,25,0.7,0,0.66
775,69.9,0,2,1,0.31,3,14,1.17,1,0.62
776,29.9,0,2,1,0.06,1,28,0.79,1,0.82
777,45.9,0,4,1,0.08,3,10,0.92,1,1.09
778,69.9,0,2,1,0.06,1,13,1,1,0.98
779,39.9,0,2,1,0.03,1,8,0.93,0,0.71
780,119.9,0,2,1,0,1,29,1.43,4,0.76
781,39.9,0,4,0,0.31,5,34,1.21,0,0.88
782,39.9,0,2,0,0.31,4,8,0.48,0,0.58
783,189.9,0,3,1,0.2,4,17,0.87,5,1.26
784,99.9,0,2,1,0.31,2,10,1.28,2,0.82
785,139.9,0,3,1,0.31,3,2,1,4,1.3
786,89.9,0,2,1,0.31,3,33,0.93,5,1.2
787,45.9,0,3,1,0.08,1,22,0.83,2,1.21
788,39.9,1,2,1,0.2,2,30,1.13,0,0.82
789,69.9,0,2,1,0.31,1,23,1.04,3,0.87
790,49.9,0,2,1,0.03,5,40,1.57,5,0.64
791,229.9,0,2,1,0.2,1,17,1,2,4.18
792,79.9,0,3,1,0.2,4,13,0.79,5,1.45
793,149.9,0,2,1,0.06,2,7,1.04,0,2.84
794,129.9,0,2,1,0.31,3,7,0.96,0,1.71
795,79.9,0,3,0,0.07,5,26,2.18,0,0.78
796,99.9,0,2,0,0.2,2,18,0.95,0,0.9
797,59.9,0,2,1,0.06,3,28,1.17,0,1.13
798,39.9,0,2,1,0.31,3,10,1.21,6,0.7
799,39.9,0,2,1,0.07,1,53,0.93,1,0.92
800,249.9,0,2,1,0.31,5,5,0.91,1,2.19
801,49.9,0,2,1,0.31,2,9,1.21,4,0.47
802,79.9,0,2,1,0.31,3,7,1.17,10,1.44
803,149.9,0,3,1,0.08,1,13,0.78,1,1.82
804,59.9,0,2,1,0.31,2,15,0.85,2,0.77
805,49.9,0,2,1,0.07,2,9,0.87,2,1.31
806,129.9,0,3,1,0.06,1,8,0.85,5,0.87
807,49.9,0,2,1,0.07,1,9,1.1,4,0.89
808,29.9,0,4,0,0.2,5,34,0.91,0,0.88
809,49.9,0,2,0,0.31,2,22,0.8,0,0.7
810,199.9,0,2,1,0.07,5,10,0.71,1,2.03
811,99.9,0,2,1,0.2,2,16,1.11,3,0.85
812,79.9,0,2,1,0.31,1,27,1.04,0,1.19
813,179.9,0,2,1,0.07,1,7,0.92,2,1.73
814,49.9,0,2,1,0.2,2,6,0.97,1,1.98
815,69.9,0,2,1,0.11,2,30,1.38,3,1.21
816,49.9,0,2,1,0.2,2,41,1,8,0.51
817,45.9,0,2,1,0.2,2,30,0.9,3,1.21
818,119.9,1,3,1,0.31,2,47,2.4,1,0.92
819,79.9,0,2,1,0.2,3,3,0.77,2,2.84
820,39.9,1,2,1,0.11,2,5,1,3,0.78
821,35.9,0,3,1,0.2,5,14,1.09,2,0.61
822,169.9,0,2,1,0.31,2,16,0.92,1,1.73
823,79.9,0,2,1,0.31,2,54,0.9,8,1.03
824,179.9,0,3,1,0.11,1,20,1.29,4,1.45
825,39.9,0,2,0,0.31,1,26,0.92,0,1.31
826,29.9,0,2,1,0.31,3,8,1.07,4,0.89
827,149.9,0,2,0,0.2,1,18,1.22,0,1.47
828,69.9,0,2,0,0.31,2,46,0.75,0,1.2
829,129.9,0,2,1,0.2,1,2,1,1,1.14
830,89.9,0,2,0,0.31,2,37,0.88,0,0.9
831,79.9,0,3,1,0.31,2,48,0.84,10,1.03
832,159.9,0,2,1,0.2,2,9,1.04,2,1.74
833,24.9,1,2,1,0.11,1,4,0.77,2,0.42
834,29.9,0,2,1,0.31,1,59,1.05,6,0.64
835,129.9,0,2,1,0.03,4,20,1.2,0,1.03
836,39.9,0,3,0,0.02,1,10,0.92,0,0.88
837,89.9,0,2,0,0.03,2,37,0.88,0,0.9
838,69.9,0,3,1,0.2,1,9,0.98,2,0.85
839,39.9,1,2,1,0.11,2,3,1,2,0.73
840,49.9,0,2,1,0.06,2,27,0.91,3,0.61
841,69.9,0,2,0,0.31,1,58,0.72,0,0.99
842,129.9,0,2,1,0.31,3,9,0.88,8,1.66
843,79.9,1,3,0,0.31,3,13,0.9,0,0.91
844,39.9,0,2,1,0.31,1,28,1.06,1,0.82
845,129.9,0,2,1,0.04,2,31,0.9,1,1.59
846,79.9,0,2,1,0.2,1,29,1.07,3,0.76
847,129.9,0,2,1,0.31,2,28,1.27,4,1.2
848,79.9,0,3,1,0.01,3,20,1.18,3,0.55
849,94.9,0,3,0,0.31,1,92,1,0,1.2
850,79.9,1,2,0,0.2,2,27,0.74,0,1.02
851,49.9,0,2,0,0.11,3,9,1.27,0,0.57
852,159.9,0,2,1,0.04,1,12,0.96,2,1.68
853,119.9,1,2,1,0.31,1,25,1.24,5,1.2
854,129.9,0,2,1,0.31,1,16,0.95,0,1.79
855,29.9,0,2,1,0.02,2,15,0.98,6,0.59
856,109.9,0,2,1,0.31,3,33,1.14,5,1.2
857,109.9,0,2,1,0.07,2,1,1,3,1.38
858,49.9,0,3,1,0.31,4,8,0.83,5,0.6
859,25.9,0,2,1,0.06,5,40,0.81,5,0.64
860,29.9,0,2,1,0.31,3,8,1.07,4,0.89
861,179.9,0,2,1,0.2,2,4,0.66,3,1.66
862,99.9,0,2,0,0.31,3,51,0.9,0,1.36
863,79.9,0,2,1,0.11,1,6,1.6,6,1.44
864,49.9,0,2,1,0.31,2,9,0.85,2,1.21
865,25.9,0,2,1,0.03,4,38,0.88,4,0.82
866,199.9,0,2,0,0.08,2,2,0.89,0,1.53
867,29.9,0,3,1,0.03,4,56,0.76,5,0.87
868,49.9,0,1,1,0.02,1,3,1.25,6,0.47
869,89.9,0,2,0,0.02,2,46,0.97,0,0.85
870,59.9,1,3,1,0.07,2,47,1.2,1,0.92
871,27.9,0,3,1,0.01,4,6,1.07,0,0.33
872,149.9,0,2,1,0.08,2,58,0.76,0,1.7
873,35.9,0,2,1,0.31,2,17,1,0,0.95
874,59.9,1,2,1,0.07,2,25,1.46,6,0.64
875,129.9,0,2,1,0.31,5,9,0.84,1,1.67
876,49.9,1,3,1,0.04,2,47,1,1,0.92
877,79.9,0,2,1,0.2,1,29,1.07,3,0.76
878,299.9,0,3,1,0.11,2,7,1.33,0,1.67
879,79.9,0,2,1,0.04,1,29,1.07,3,0.76
880,79.9,0,2,1,0.03,2,12,1.07,3,1.04
881,99.9,1,2,1,0.08,1,35,1.37,1,0.87
882,59.9,1,3,1,0.11,2,6,0.86,1,0.75
883,59.9,0,2,1,0.11,2,62,1.3,3,0.61
884,129.9,0,3,0,0.2,3,71,2.17,0,0.76
885,49.9,1,2,0,0.2,2,9,0.78,0,0.68
886,79.9,1,2,0,0.2,1,21,0.99,0,1.25
887,45.9,0,3,1,0.11,2,4,1.44,4,0.78
888,39.9,0,3,1,0.03,1,10,0.66,5,0.98
889,79.9,0,2,1,0.03,2,12,1.07,3,1.04
890,99.9,0,2,0,0.11,2,46,1.07,0,1.41
891,45.9,0,2,1,0.2,2,7,0.73,3,0.77
892,49.9,0,2,1,0.31,3,4,0.83,10,0.91
893,29.9,1,3,1,0.31,2,19,0.93,1,0.88
894,129.9,0,3,1,0.06,3,21,0.83,4,1.68
895,159.9,0,3,1,0.11,2,63,0.92,4,1.83
896,29.9,0,2,1,0,3,54,1.02,5,0.64
897,99.9,0,2,1,0.02,1,10,1,3,1.55
898,129.9,0,2,0,0.2,3,51,1.17,0,1.36
899,99.9,0,2,0,0.31,2,46,1.07,0,0.89
900,79.9,0,3,1,0.11,3,20,1.18,3,0.55
901,119.9,0,2,1,0.31,1,29,1.61,3,0.76
902,79.9,0,2,1,0.31,2,13,0.98,5,1.04
903,89.9,0,3,1,0.31,4,56,2.29,5,0.87
904,79.9,0,2,1,0,1,27,1.04,0,1.19
905,199.9,0,2,1,0.2,2,11,1.49,1,1.72
906,99.9,0,2,1,0.06,2,10,1.34,6,0.84
907,64.9,0,2,0,0.06,3,6,1.45,0,0.82
908,49.9,0,1,0,0.31,3,15,0.69,0,0.76
909,79.9,0,2,1,0.04,1,12,0.94,5,1.84
910,159.9,0,2,1,0.08,3,6,1.26,1,1.87
911,119.9,0,2,1,0.31,2,31,1.21,5,1.2
912,89.9,0,2,1,0.08,2,15,1.27,2,0.77
913,79.9,0,2,0,0.11,4,8,0.86,0,0.76
914,99.9,1,2,1,0.08,2,22,0.83,2,1.85
915,39.9,0,2,1,0.03,3,22,1.27,2,0.88
916,69.9,0,3,1,0.31,2,48,0.74,10,1.03
917,69.9,0,2,1,0.07,2,6,0.95,3,0.77
918,179.9,0,2,1,0.04,1,29,1.09,3,1.94
919,99.9,0,3,0,0.07,3,16,1.06,0,1.7
920,79.9,0,2,1,0.06,2,72,0.74,6,1.03
921,69.9,0,2,1,0.31,3,8,0.98,0,0.98
922,79.9,1,2,0,0.31,2,25,0.8,0,1.21
923,149.9,0,2,1,0.31,2,24,0.97,3,1.83
924,49.9,0,3,0,0.03,2,5,1,0,0.6
925,79.9,0,3,1,0.31,4,5,1.11,5,0.66
926,25.9,0,2,1,0.06,4,38,0.88,4,0.82
927,69.9,0,2,1,0.31,2,2,1,4,1.04
928,149.9,1,2,1,0.07,2,31,0.95,3,1.94
929,79.9,0,2,1,0.31,3,4,1,0,1.2
930,129.9,0,2,1,0.31,4,20,1.2,0,1.03
931,89.9,1,2,1,0.11,2,3,0.9,0,1.53
932,99.9,0,2,1,0.2,3,39,1.34,4,0.76
933,149.9,0,3,1,0.2,2,4,1.33,10,0.72
934,79.9,0,2,1,0.08,2,2,0.76,10,1.09
935,119.9,0,1,1,0.31,3,29,1.14,0,1.31
936,79.9,1,2,0,0.06,2,21,1.02,0,1.25
937,69,0,2,1,0.03,5,45,0.66,4,1.2
938,39.9,0,2,1,0.08,2,2,0.89,4,0.57
939,149.9,0,2,0,0.01,2,10,0.99,0,1.03
940,79.9,0,2,0,0.31,2,20,0.7,0,0.82
941,24.9,1,2,1,0.08,1,12,1.13,2,0.48
942,29.9,0,2,1,0.2,2,19,0.85,4,0.7
943,79.9,0,3,1,0.07,3,1,1,3,0.67
944,89.9,0,2,1,0.31,2,16,1,3,0.85
945,49.9,0,2,1,0.2,3,22,0.7,2,0.76
946,79.9,0,2,0,0.31,1,6,0.96,0,0.96
947,99.9,0,2,1,0.07,2,21,0.66,0,1.31
948,39.9,0,2,0,0.2,1,13,0.46,0,0.51
949,139.9,0,3,0,0.02,4,4,1.17,0,1.04
950,119.9,0,2,1,0.08,3,28,2.34,0,1.13
951,99.9,0,2,1,0.04,1,9,0.97,2,1.48
952,119.9,1,2,1,0.2,2,22,0.99,2,1.85
953,229.9,0,2,1,0.31,2,58,1.16,0,1.7
954,49.9,0,2,1,0.31,2,23,1.02,4,0.51
955,39.9,0,3,1,0.04,3,3,0.98,3,0.58
956,25.9,1,2,1,0.11,2,14,0.89,1,0.92
957,89.9,1,2,1,0.31,2,12,1.14,2,2.18
958,179.9,0,2,1,0.2,2,58,0.91,0,1.7
959,65.9,0,2,0,0.08,2,1,1,0,0.89
960,179.9,0,2,1,0.2,5,19,1.05,1,2.24
961,65.9,0,2,1,0.08,2,25,1.16,0,0.66
962,59.9,0,2,1,0.2,1,6,1.13,4,0.63
963,99.9,0,2,1,0.31,3,33,1.03,5,1.2
964,69.9,0,3,1,0.04,1,16,1.22,2,0.77
965,19.9,0,2,1,0.31,1,53,0.76,6,0.64
966,119.9,0,2,1,0.31,2,28,1.15,1,1.03
967,129.9,0,2,1,0.2,1,1,1,2,1.56
968,79.9,0,4,1,0.31,3,3,1.09,1,0.94
969,39.9,1,2,1,0.07,2,14,1.37,1,0.92
970,179.9,0,2,1,0.04,1,4,0.97,2,1.27
971,159.9,0,2,0,0.07,2,5,1.29,0,3.62
972,49.9,1,3,1,0.31,2,1,1,1,0.52
973,179.9,0,2,0,0.2,2,10,1.18,0,1.03
974,89.9,0,2,1,0.2,3,39,1.21,4,0.76
975,79.9,0,2,0,0.31,2,18,0.76,0,0.9
976,79.9,1,2,0,0.2,2,27,0.74,0,1.02
977,19.9,0,3,1,0.06,5,14,0.6,2,0.61
978,69.9,1,2,1,0.31,3,29,1.1,3,0.61
979,99.9,0,2,0,0.2,2,1,1,3,1.43
980,149.9,0,2,0,0.31,3,27,0.83,0,1.49
981,129.9,1,2,0,0.11,1,35,0.91,0,1.59
982,29.9,0,3,1,0.11,4,56,0.76,5,0.87
983,69.9,0,2,1,0.04,1,27,0.91,0,1.19
984,39.9,0,2,0,0.2,1,30,0.87,0,1.02
985,79.9,0,2,1,0.31,5,16,1.02,4,1.04
986,99.9,0,2,1,0.06,2,13,1.19,2,1.18
987,99.9,0,2,1,0.31,2,4,0.87,0,1.87
988,149.9,1,2,0,0.2,2,24,1.86,0,1.18
989,79.9,0,2,0,0.2,1,58,0.83,0,0.99
990,99.9,0,2,1,0.11,2,54,1.12,8,1.03
991,99.9,1,2,1,0.2,2,12,1.26,2,2.18
992,39.9,0,2,1,0.06,2,2,1,8,0.73
993,99.9,1,2,1,0.2,2,7,1.21,6,1.32
994,129.9,0,2,0,0.31,1,25,0.93,0,1.54
995,39.9,1,3,1,0.02,2,47,0.8,1,0.92
996,49.9,1,2,1,0.31,2,30,1.42,0,0.82
997,85.9,0,2,1,0.31,1,2,0.92,3,1.35
998,29.9,0,2,1,0.02,2,19,0.79,2,0.88
999,39.9,0,2,1,0.02,1,17,1.03,1,0.55
1000,159.9,0,3,1,0.11,2,63,0.92,4,1.83
